block_id,face_px,face_nx,face_py,face_ny,face_pz,face_nz,transparent

0:0:1,0,0,0,0,0,0,0
0:0:2,16,16,17,16,16,16,0
0:0:3,3,3,2,1,3,3,0
0:0:4,4,4,4,4,4,4,4,1

0:0:5,16,16,16,16,16,16,0
0:0:6,16,16,16,16,16,16,0

0:0:7,16,16,16,16,16,16,0
0:0:8,16,16,17,18,16,16,0

0:0:9,16,16,16,16,16,16,0
0:0:10,16,16,16,16,16,16,0
0:0:11,16,16,16,16,16,16,0
0:0:12,16,16,16,16,16,16,0
0:0:13,16,16,16,16,16,16,0
0:0:14,16,16,16,16,16,16,0
0:0:15,16,16,16,16,16,16,0
0:0:16,16,16,16,16,16,16,0
0:0:17,16,16,16,16,16,16,0
0:0:18,16,16,16,16,16,16,0
0:10:11:2,16,16,16,16,16,16,0
0:10:11:3,16,16,16,16,16,16,0
0:10:00:0,16,16,16,16,16,16,0
0:10:00:1,16,16,16,16,16,16,0
0:10:00:2,16,16,16,16,16,16,0
0:10:01:0,16,16,16,16,16,16,0
0:10:01:1,16,16,16,16,16,16,0
0:10:10:0,16,16,16,16,16,16,0
0:10:10:1,16,16,16,16,16,16,0
0:10:11:0,16,16,16,16,16,16,0
0:10:11:1,16,16,16,16,16,16,0
0:10:3,16,16,16,16,16,16,0
0:10:4,16,16,16,16,16,16,0
0:10:5,16,16,16,16,16,16,0
0:10:6,16,16,16,16,16,16,0
0:10:7,16,16,16,16,16,16,0
0:10:8,16,16,16,16,16,16,0
0:10:9,16,16,16,16,16,16,0
0:10:10,16,16,16,16,16,16,0
0:10:11,16,16,16,16,16,16,0
0:10:12,16,16,16,16,16,16,0
0:10:13,16,16,16,16,16,16,0
0:10:14,16,16,16,16,16,16,0
0:10:15,16,16,16,16,16,16,0
0:10:16,16,16,16,16,16,16,0
0:10:17,16,16,16,16,16,16,0
0:10:18,16,16,16,16,16,16,0
0:10:19,16,16,16,16,16,16,0
0:10:20,16,16,16,16,16,16,0
0:10:21,16,16,16,16,16,16,0
0:10:22,16,16,16,16,16,16,0
0:10:23,16,16,16,16,16,16,0
0:10:24,16,16,16,16,16,16,0
0:10:25,16,16,16,16,16,16,0

0:11110:0,16,16,16,16,16,16,0
0:11110:1,16,16,16,16,16,16,0
0:11110:2,16,16,16,16,16,16,0
0:11110:3,16,16,16,16,16,16,0
0:11110:4,16,16,16,16,16,16,0
0:11110:5,16,16,16,16,16,16,0
0:11110:6,16,16,16,16,16,16,0
0:11110:7,16,16,16,16,16,16,0
0:11110:8,16,16,16,16,16,16,0
0:11110:9,16,16,16,16,16,16,0
0:11110:10,16,16,16,16,16,16,0
0:11110:11,16,16,16,16,16,16,0
0:11110:12,16,16,16,16,16,16,0
0:11110:13,16,16,16,16,16,16,0
0:11110:14,16,16,16,16,16,16,0
0:11110:15,16,16,16,16,16,16,0
0:11110:16,16,16,16,16,16,16,0
0:11110:17,16,16,16,16,16,16,0
0:11110:18,16,16,16,16,16,16,0
0:11110:19,16,16,16,16,16,16,0
0:11111:0,16,16,16,16,16,16,0
0:11111:1,16,16,16,16,16,16,0
0:11111:2,16,16,16,16,16,16,0
0:11111:3,16,16,16,16,16,16,0
0:11111:4,16,16,16,16,16,16,0
0:11111:5,16,16,16,16,16,16,0
0:11111:6,16,16,16,16,16,16,0
0:11111:7,16,16,16,16,16,16,0
0:11111:8,16,16,16,16,16,16,0
0:11111:9,16,16,16,16,16,16,0
0:11111:10,16,16,16,16,16,16,0
0:11111:11,16,16,16,16,16,16,0
0:11111:13,16,16,16,16,16,16,0
0:11111:16,16,16,16,16,16,16,0
0:11111:17,16,16,16,16,16,16,0
0:11111:18,16,16,16,16,16,16,0
0:11111:19,16,16,16,16,16,16,0
0:11111:20,16,16,16,16,16,16,0
0:11111:21,16,16,16,16,16,16,0
0:11111:22,16,16,16,16,16,16,0
0:11111:23,16,16,16,16,16,16,0
0:11111:24,16,16,16,16,16,16,0
0:11111:25,16,16,16,16,16,16,0
10:0,16,16,16,16,16,16,0
10:1,16,16,16,16,16,16,0
10:2,16,16,16,16,16,16,0
10:3,16,16,16,16,16,16,0
10:4,16,16,16,16,16,16,0
10:5,16,16,16,16,16,16,0
10:6,16,16,16,16,16,16,0
10:7,16,16,16,16,16,16,0
10:8,16,16,16,16,16,16,0
10:9,16,16,16,16,16,16,0
10:10,16,16,16,16,16,16,0
10:11,16,16,16,16,16,16,0
10:12,16,16,16,16,16,16,0
10:13,16,16,16,16,16,16,0
10:14,16,16,16,16,16,16,0
10:15,16,16,16,16,16,16,0
10:16,16,16,16,16,16,16,0
10:17,16,16,16,16,16,16,0
10:18,16,16,16,16,16,16,0
10:19,16,16,16,16,16,16,0
110:000:0,16,16,16,16,16,16,0
110:000:1,16,16,16,16,16,16,0
110:000:2,16,16,16,16,16,16,0
110:000:3,16,16,16,16,16,16,0
110:000:4,16,16,16,16,16,16,0
110:000:5,16,16,16,16,16,16,0
110:001:0,16,16,16,16,16,16,0
110:001:1,16,16,16,16,16,16,0
110:001:2,16,16,16,16,16,16,0
110:001:3,16,16,16,16,16,16,0
110:010:0,16,16,16,16,16,16,0
110:010:1,16,16,16,16,16,16,0
110:010:2,16,16,16,16,16,16,0
110:010:3,16,16,16,16,16,16,0
110:010:4,16,16,16,16,16,16,0
110:010:5,16,16,16,16,16,16,0
110:010:6,16,16,16,16,16,16,0
110:011:0,16,16,16,16,16,16,0
110:011:1,16,16,16,16,16,16,0
110:011:2,16,16,16,16,16,16,0
110:011:3,16,16,16,16,16,16,0
110:011:4,16,16,16,16,16,16,0
110:011:5,16,16,16,16,16,16,0
110:011:6,16,16,16,16,16,16,0
110:011:7,16,16,16,16,16,16,0
110:101:0,16,16,16,16,16,16,0
110:101:1,16,16,16,16,16,16,0
110:101:2,16,16,16,16,16,16,0
110:101:3,16,16,16,16,16,16,0
110:101:4,16,16,16,16,16,16,0
110:101:5,16,16,16,16,16,16,0
110:100:0,16,16,16,16,16,16,0
110:100:1,16,16,16,16,16,16,0
110:100:2,16,16,16,16,16,16,0
1110:000:0,16,16,16,16,16,16,0
1110:000:1,16,16,16,16,16,16,0
1110:000:2,16,16,16,16,16,16,0
1110:001:0,16,16,16,16,16,16,0
1110:001:1,16,16,16,16,16,16,0
1110:001:2,16,16,16,16,16,16,0
1110:001:3,16,16,16,16,16,16,0
1110:001:4,16,16,16,16,16,16,0
1110:001:5,16,16,16,16,16,16,0
1110:010:0,16,16,16,16,16,16,0
1110:010:1,16,16,16,16,16,16,0
1110:010:2,16,16,16,16,16,16,0
1110:010:3,16,16,16,16,16,16,0
1110:010:4,16,16,16,16,16,16,0
1110:010:5,16,16,16,16,16,16,0
1110:010:6,16,16,16,16,16,16,0
1110:010:7,16,16,16,16,16,16,0
1110:010:8,16,16,16,16,16,16,0
1110:010:9,16,16,16,16,16,16,0
1110:010:10,16,16,16,16,16,16,0
1110:010:11,16,16,16,16,16,16,0
1110:010:12,16,16,16,16,16,16,0
1110:010:13,16,16,16,16,16,16,0
1110:010:14,16,16,16,16,16,16,0
1110:010:15,16,16,16,16,16,16,0
1110:010:16,16,16,16,16,16,16,0
1110:010:17,16,16,16,16,16,16,0
1110:010:18,16,16,16,16,16,16,0
1110:010:19,16,16,16,16,16,16,0
1110:010:20,16,16,16,16,16,16,0
1110:010:21,16,16,16,16,16,16,0
1110:010:22,16,16,16,16,16,16,0
1110:010:23,16,16,16,16,16,16,0
1110:010:24,16,16,16,16,16,16,0
1110:010:25,16,16,16,16,16,16,0
1110:010:26,16,16,16,16,16,16,0
1110:010:27,16,16,16,16,16,16,0
1110:010:28,16,16,16,16,16,16,0
1110:010:29,16,16,16,16,16,16,0
1110:010:30,16,16,16,16,16,16,0
1110:010:31,16,16,16,16,16,16,0
1110:010:32,16,16,16,16,16,16,0
1110:010:33,16,16,16,16,16,16,0
1110:010:34,16,16,16,16,16,16,0
1110:010:35,16,16,16,16,16,16,0
1110:010:36,16,16,16,16,16,16,0
1110:010:37,16,16,16,16,16,16,0
1110:010:38,16,16,16,16,16,16,0
1110:010:39,16,16,16,16,16,16,0
1110:010:40,16,16,16,16,16,16,0
1110:010:41,16,16,16,16,16,16,0
1110:010:42,16,16,16,16,16,16,0
1110:010:43,16,16,16,16,16,16,0
1110:010:44,16,16,16,16,16,16,0
1110:010:45,16,16,16,16,16,16,0
1110:010:46,16,16,16,16,16,16,0
1110:011:0,16,16,16,16,16,16,0
1110:011:1,16,16,16,16,16,16,0
1110:100:0,16,16,16,16,16,16,0
1110:100:1,16,16,16,16,16,16,0
1110:101:0,16,16,16,16,16,16,0
1110:101:1,16,16,16,16,16,16,0
1110:101:2,16,16,16,16,16,16,0
1110:101:3,16,16,16,16,16,16,0
1110:101:4,16,16,16,16,16,16,0
1110:101:5,16,16,16,16,16,16,0
1110:101:6,16,16,16,16,16,16,0
1110:110:0,16,16,16,16,16,16,0
1110:110:1,16,16,16,16,16,16,0
1110:110:2,16,16,16,16,16,16,0
1110:110:3,16,16,16,16,16,16,0
1110:110:4,16,16,16,16,16,16,0
1110:111:0,16,16,16,16,16,16,0
1110:111:1,16,16,16,16,16,16,0
1110:111:2,16,16,16,16,16,16,0
1110:111:3,16,16,16,16,16,16,0
1110:111:4,16,16,16,16,16,16,0
1110:111:10,16,16,16,16,16,16,0
1110:111:11,16,16,16,16,16,16,0
1110:111:12,16,16,16,16,16,16,0
1110:111:13,16,16,16,16,16,16,0
1110:111:14,16,16,16,16,16,16,0
1110:111:15,16,16,16,16,16,16,0
1110:111:16,16,16,16,16,16,16,0

1111:01:0,16,16,16,16,16,16,0
1111:01:1,16,16,16,16,16,16,0
1111:01:2,16,16,16,16,16,16,0
1111:01:3,16,16,16,16,16,16,0
1111:01:4,16,16,16,16,16,16,0
1111:01:5,16,16,16,16,16,16,0
1111:01:6,16,16,16,16,16,16,0
1111:01:7,16,16,16,16,16,16,0
1111:01:8,16,16,16,16,16,16,0
1111:01:9,16,16,16,16,16,16,0
1111:01:10,16,16,16,16,16,16,0
1111:01:11,16,16,16,16,16,16,0
1111:01:12,16,16,16,16,16,16,0
1111:01:13,16,16,16,16,16,16,0
1111:10:0,16,16,16,16,16,16,0
1111:10:1,16,16,16,16,16,16,0
1111:10:2,16,16,16,16,16,16,0
1111:10:3,16,16,16,16,16,16,0
1111:10:4,16,16,16,16,16,16,0
1111:11:0,16,16,16,16,16,16,0
1111:11:1,16,16,16,16,16,16,0
1111:11:2,16,16,16,16,16,16,0
1111:11:3,16,16,16,16,16,16,0
1111:11:4,16,16,16,16,16,16,0
1111:11:5,16,16,16,16,16,16,0
1111:11:6,16,16,16,16,16,16,0
1111:11:7,16,16,16,16,16,16,0
